Received,SenderAddress,RecipientAddress,Subject,Status,MessageTraceId
3/12/2026 2:50:01 PM,g.cornish@oxbo.com,barbb@ltlsupply.com,LTL PO 58058,Failed,835f0981-2d47-4126-ef50-08de8046a3f1
3/12/2026 2:49:37 PM,g.cornish@oxbo.com,barbb@ltlsupply.com,LTL PO 58058,Delivered,af7e9f5a-0102-48e0-7cdd-08de80469575
3/12/2026 2:49:14 PM,g.cornish@oxbo.com,barbb@ltlsupply.com,LTL PO 58058,Delivered,5474e514-dca1-4cf2-f6da-08de804687dd
3/12/2026 2:11:09 PM,alarson@REDACTED.com,BarbB@ltlsupply.com,FW: 🔋 “From Waste to Watts: Evaluating a Battery Recycling Solution”,Delivered,8a20eb47-f86f-407e-5ac8-08de80413584
3/12/2026 11:30:37 AM,bbarton@REDACTED.com,barbb@ltlsupply.com,JEFF IS OUT SICK,Delivered,bc23713d-8b64-4760-bbcf-08de802ac852
3/11/2026 1:25:15 PM,jfranzen@REDACTED.com,BarbB@ltlsupply.com,Re: Labels,Delivered,fad9247d-b318-493a-6e61-08de7f71a1c6
3/11/2026 12:26:06 PM,jfranzen@REDACTED.com,BarbB@ltlsupply.com,Labels,Delivered,e5530cc5-848b-4150-27c1-08de7f695e43
3/10/2026 5:32:07 PM,mkostelnik@REDACTED.com,BarbB@ltlsupply.com,RE: VAD NCAA Tournament,Delivered,2e8c1ed6-3ad9-4522-ad05-08de7ecaf3e1
3/10/2026 4:05:49 PM,kruppel@REDACTED.com,BarbB@ltlsupply.com,Wage Discussions,Delivered,20bc2399-d131-46fa-159d-08de7ebee5e5
