"ComputerName","DisplayName","DisplayVersion","Publisher","InstallDate","UninstallString","InstallLocation","EstimatedSizeKB","Scope","Architecture","Source","RegistryPath","PSComputerName","RunspaceId","PSShowComputerName"
"UTILITY-1","BCD and Boot","10.1.26100.1","Microsoft","10/15/2024 12:00:00 AM","MsiExec.exe /I{CE885DDB-3903-8E40-34E1-7F1698BC212C}","","2516","Machine","x86","Registry","Microsoft.PowerShell.Core\Registry::HKEY_LOCAL_MACHINE\Software\Wow6432Node\Microsoft\Windows\CurrentVersion\Uninstall\{CE885DDB-3903-8E40-34E1-7F1698BC212C}","utility-1.vadtek.com","ee2c2a88-4094-47d1-8c0f-d127cb668d52","True"
"UTILITY-1","Datto Windows Agent","3.0.18.20","Datto Inc.",,"""C:\ProgramData\Package Cache\{032d0166-d15d-4352-8c9c-69cda425091f}\DattoWindowsAgent.exe"" /modify",,"81120","Machine","x86","Registry","Microsoft.PowerShell.Core\Registry::HKEY_LOCAL_MACHINE\Software\Wow6432Node\Microsoft\Windows\CurrentVersion\Uninstall\{032d0166-d15d-4352-8c9c-69cda425091f}","utility-1.vadtek.com","ee2c2a88-4094-47d1-8c0f-d127cb668d52","True"
"UTILITY-1","Datto Windows Agent","3.0.18.20","Datto Inc.","12/8/2025 12:00:00 AM","MsiExec.exe /X{7F7508EA-CFAF-4614-9BD3-F282332E1F5F}","C:\Program Files\Datto\","35260","Machine","x64","Registry","Microsoft.PowerShell.Core\Registry::HKEY_LOCAL_MACHINE\Software\Microsoft\Windows\CurrentVersion\Uninstall\{7F7508EA-CFAF-4614-9BD3-F282332E1F5F}","utility-1.vadtek.com","ee2c2a88-4094-47d1-8c0f-d127cb668d52","True"
"UTILITY-1","FortiAuthenticator Agent For Microsoft Windows v6.3","6.3","Fortinet","12/4/2025 12:00:00 AM","""C:\Program Files\Fortinet\FortiAuthenticator Agent\unins000.exe""","C:\Program Files\Fortinet\FortiAuthenticator Agent\","7216","Machine","x64","Registry","Microsoft.PowerShell.Core\Registry::HKEY_LOCAL_MACHINE\Software\Microsoft\Windows\CurrentVersion\Uninstall\{13349755-74EA-464A-9FB2-4E5B4581025A}_is1","utility-1.vadtek.com","ee2c2a88-4094-47d1-8c0f-d127cb668d52","True"
"UTILITY-1","FortiClient","7.2.12.1269","Fortinet Technologies Inc","12/19/2025 12:00:00 AM","MsiExec.exe /X{B355F7F4-CE0B-443C-9DAD-BC3B0FB5C7F1}","C:\Program Files\Fortinet\FortiClient\","458468","Machine","x64","Registry","Microsoft.PowerShell.Core\Registry::HKEY_LOCAL_MACHINE\Software\Microsoft\Windows\CurrentVersion\Uninstall\{B355F7F4-CE0B-443C-9DAD-BC3B0FB5C7F1}","utility-1.vadtek.com","ee2c2a88-4094-47d1-8c0f-d127cb668d52","True"
"UTILITY-1","Imaging And Configuration Designer (DesktopEditions)","10.1.26100.1","Microsoft","10/15/2024 12:00:00 AM","MsiExec.exe /I{C7A030B1-43B7-E2D0-DBAF-7ECD54EFD0B4}","","23408","Machine","x86","Registry","Microsoft.PowerShell.Core\Registry::HKEY_LOCAL_MACHINE\Software\Wow6432Node\Microsoft\Windows\CurrentVersion\Uninstall\{C7A030B1-43B7-E2D0-DBAF-7ECD54EFD0B4}","utility-1.vadtek.com","ee2c2a88-4094-47d1-8c0f-d127cb668d52","True"
"UTILITY-1","Imaging And Configuration Designer (OnecoreUAP)","10.1.26100.1","Microsoft","10/15/2024 12:00:00 AM","MsiExec.exe /I{D42B50E1-0B5F-47E3-EE28-8F8A719E2898}","","14648","Machine","x86","Registry","Microsoft.PowerShell.Core\Registry::HKEY_LOCAL_MACHINE\Software\Wow6432Node\Microsoft\Windows\CurrentVersion\Uninstall\{D42B50E1-0B5F-47E3-EE28-8F8A719E2898}","utility-1.vadtek.com","ee2c2a88-4094-47d1-8c0f-d127cb668d52","True"
"UTILITY-1","Imaging Designer (DesktopEditions)","10.1.26100.1","Microsoft","10/15/2024 12:00:00 AM","MsiExec.exe /I{F9D00D8D-F841-D2F3-3B92-E9811221FEBD}","","34128","Machine","x86","Registry","Microsoft.PowerShell.Core\Registry::HKEY_LOCAL_MACHINE\Software\Wow6432Node\Microsoft\Windows\CurrentVersion\Uninstall\{F9D00D8D-F841-D2F3-3B92-E9811221FEBD}","utility-1.vadtek.com","ee2c2a88-4094-47d1-8c0f-d127cb668d52","True"
"UTILITY-1","Imaging Designer (OnecoreUAP)","10.1.26100.1","Microsoft","10/15/2024 12:00:00 AM","MsiExec.exe /I{A8029CE5-851B-D60D-3A5B-99FE04333560}","","7360","Machine","x86","Registry","Microsoft.PowerShell.Core\Registry::HKEY_LOCAL_MACHINE\Software\Wow6432Node\Microsoft\Windows\CurrentVersion\Uninstall\{A8029CE5-851B-D60D-3A5B-99FE04333560}","utility-1.vadtek.com","ee2c2a88-4094-47d1-8c0f-d127cb668d52","True"
"UTILITY-1","Imaging Tools Support (DesktopEditions)","10.1.26100.1","Microsoft","10/15/2024 12:00:00 AM","MsiExec.exe /I{ACEF0783-8DD4-DAAB-8885-527C4B8B7A21}","","16364","Machine","x86","Registry","Microsoft.PowerShell.Core\Registry::HKEY_LOCAL_MACHINE\Software\Wow6432Node\Microsoft\Windows\CurrentVersion\Uninstall\{ACEF0783-8DD4-DAAB-8885-527C4B8B7A21}","utility-1.vadtek.com","ee2c2a88-4094-47d1-8c0f-d127cb668d52","True"
"UTILITY-1","Imaging Tools Support (OnecoreUAP)","10.1.26100.1","Microsoft","10/15/2024 12:00:00 AM","MsiExec.exe /I{0C911545-71CE-5D6B-7F88-0C931A80BB86}","","46700","Machine","x86","Registry","Microsoft.PowerShell.Core\Registry::HKEY_LOCAL_MACHINE\Software\Wow6432Node\Microsoft\Windows\CurrentVersion\Uninstall\{0C911545-71CE-5D6B-7F88-0C931A80BB86}","utility-1.vadtek.com","ee2c2a88-4094-47d1-8c0f-d127cb668d52","True"
"UTILITY-1","Kits Configuration Installer","10.1.26100.1","Microsoft","10/15/2024 12:00:00 AM","MsiExec.exe /I{1F087298-69A5-5C5B-10CA-1E0DF4FA2414}","","428","Machine","x86","Registry","Microsoft.PowerShell.Core\Registry::HKEY_LOCAL_MACHINE\Software\Wow6432Node\Microsoft\Windows\CurrentVersion\Uninstall\{1F087298-69A5-5C5B-10CA-1E0DF4FA2414}","utility-1.vadtek.com","ee2c2a88-4094-47d1-8c0f-d127cb668d52","True"
"UTILITY-1","Microsoft .NET Host - 5.0.17 (x64)","40.68.31213","Microsoft Corporation","5/1/2025 12:00:00 AM","MsiExec.exe /X{E663ED1E-899C-40E8-91D0-8D37B95E3C69}","","124","Machine","x64","Registry","Microsoft.PowerShell.Core\Registry::HKEY_LOCAL_MACHINE\Software\Microsoft\Windows\CurrentVersion\Uninstall\{E663ED1E-899C-40E8-91D0-8D37B95E3C69}","utility-1.vadtek.com","ee2c2a88-4094-47d1-8c0f-d127cb668d52","True"
"UTILITY-1","Microsoft .NET Host - 7.0.20 (x64)","56.80.15184","Microsoft Corporation","4/13/2025 12:00:00 AM","MsiExec.exe /X{EE5EB03B-D65C-4991-848E-2C6E024326DB}","","180","Machine","x64","Registry","Microsoft.PowerShell.Core\Registry::HKEY_LOCAL_MACHINE\Software\Microsoft\Windows\CurrentVersion\Uninstall\{EE5EB03B-D65C-4991-848E-2C6E024326DB}","utility-1.vadtek.com","ee2c2a88-4094-47d1-8c0f-d127cb668d52","True"
"UTILITY-1","Microsoft .NET Host FX Resolver - 5.0.17 (x64)","40.68.31213","Microsoft Corporation","5/1/2025 12:00:00 AM","MsiExec.exe /X{8BA25391-0BE6-443A-8EBF-86A29BAFC479}","","288","Machine","x64","Registry","Microsoft.PowerShell.Core\Registry::HKEY_LOCAL_MACHINE\Software\Microsoft\Windows\CurrentVersion\Uninstall\{8BA25391-0BE6-443A-8EBF-86A29BAFC479}","utility-1.vadtek.com","ee2c2a88-4094-47d1-8c0f-d127cb668d52","True"
"UTILITY-1","Microsoft .NET Host FX Resolver - 7.0.20 (x64)","56.80.15184","Microsoft Corporation","4/13/2025 12:00:00 AM","MsiExec.exe /X{B0FC828F-678C-4868-9B5B-99639758E6F3}","","360","Machine","x64","Registry","Microsoft.PowerShell.Core\Registry::HKEY_LOCAL_MACHINE\Software\Microsoft\Windows\CurrentVersion\Uninstall\{B0FC828F-678C-4868-9B5B-99639758E6F3}","utility-1.vadtek.com","ee2c2a88-4094-47d1-8c0f-d127cb668d52","True"
"UTILITY-1","Microsoft .NET Runtime - 5.0.17 (x64)","40.68.31213","Microsoft Corporation","5/1/2025 12:00:00 AM","MsiExec.exe /X{5A66E598-37BD-4C8A-A7CB-A71C32ABCD78}","","66584","Machine","x64","Registry","Microsoft.PowerShell.Core\Registry::HKEY_LOCAL_MACHINE\Software\Microsoft\Windows\CurrentVersion\Uninstall\{5A66E598-37BD-4C8A-A7CB-A71C32ABCD78}","utility-1.vadtek.com","ee2c2a88-4094-47d1-8c0f-d127cb668d52","True"
"UTILITY-1","Microsoft .NET Runtime - 5.0.17 (x64)","5.0.17.31213","Microsoft Corporation",,"""C:\ProgramData\Package Cache\{a699b48e-5748-4980-ad92-0b61b1d9d718}\dotnet-runtime-5.0.17-win-x64.exe""  /uninstall",,"93278","Machine","x86","Registry","Microsoft.PowerShell.Core\Registry::HKEY_LOCAL_MACHINE\Software\Wow6432Node\Microsoft\Windows\CurrentVersion\Uninstall\{a699b48e-5748-4980-ad92-0b61b1d9d718}","utility-1.vadtek.com","ee2c2a88-4094-47d1-8c0f-d127cb668d52","True"
"UTILITY-1","Microsoft .NET Runtime - 7.0.20 (x64)","56.80.15184","Microsoft Corporation","4/13/2025 12:00:00 AM","MsiExec.exe /X{221BB52A-B763-4C9D-AA62-4B0B6C9AAD62}","","70956","Machine","x64","Registry","Microsoft.PowerShell.Core\Registry::HKEY_LOCAL_MACHINE\Software\Microsoft\Windows\CurrentVersion\Uninstall\{221BB52A-B763-4C9D-AA62-4B0B6C9AAD62}","utility-1.vadtek.com","ee2c2a88-4094-47d1-8c0f-d127cb668d52","True"
"UTILITY-1","Microsoft .NET Runtime - 7.0.20 (x64)","7.0.20.33717","Microsoft Corporation",,"""C:\ProgramData\Package Cache\{146dfb6e-5aed-4c9b-bbaf-7532ce9e3691}\dotnet-runtime-7.0.20-win-x64.exe""  /uninstall",,"99715","Machine","x86","Registry","Microsoft.PowerShell.Core\Registry::HKEY_LOCAL_MACHINE\Software\Wow6432Node\Microsoft\Windows\CurrentVersion\Uninstall\{146dfb6e-5aed-4c9b-bbaf-7532ce9e3691}","utility-1.vadtek.com","ee2c2a88-4094-47d1-8c0f-d127cb668d52","True"
"UTILITY-1","Microsoft ASP.NET Core 6.0.36 - Shared Framework (x64)","6.0.36.24516","Microsoft Corporation",,"""C:\ProgramData\Package Cache\{4b7c3d4f-051a-464c-aaa0-e7de6bc793de}\aspnetcore-runtime-6.0.36-win-x64.exe""  /uninstall",,"31094","Machine","x86","Registry","Microsoft.PowerShell.Core\Registry::HKEY_LOCAL_MACHINE\Software\Wow6432Node\Microsoft\Windows\CurrentVersion\Uninstall\{4b7c3d4f-051a-464c-aaa0-e7de6bc793de}","utility-1.vadtek.com","ee2c2a88-4094-47d1-8c0f-d127cb668d52","True"
"UTILITY-1","Microsoft ASP.NET Core 6.0.36 - Shared Framework (x86)","6.0.36.24516","Microsoft Corporation",,"""C:\ProgramData\Package Cache\{a126c4bd-b142-4db2-a330-0ad967773948}\aspnetcore-runtime-6.0.36-win-x86.exe""  /uninstall",,"28408","Machine","x86","Registry","Microsoft.PowerShell.Core\Registry::HKEY_LOCAL_MACHINE\Software\Wow6432Node\Microsoft\Windows\CurrentVersion\Uninstall\{a126c4bd-b142-4db2-a330-0ad967773948}","utility-1.vadtek.com","ee2c2a88-4094-47d1-8c0f-d127cb668d52","True"
"UTILITY-1","Microsoft ASP.NET Core 6.0.36 Shared Framework (x64)","6.0.36.24516","Microsoft Corporation","2/22/2025 12:00:00 AM","MsiExec.exe /X{215198BD-8EE1-385D-8194-0D3FF304296D}","","22672","Machine","x64","Registry","Microsoft.PowerShell.Core\Registry::HKEY_LOCAL_MACHINE\Software\Microsoft\Windows\CurrentVersion\Uninstall\{215198BD-8EE1-385D-8194-0D3FF304296D}","utility-1.vadtek.com","ee2c2a88-4094-47d1-8c0f-d127cb668d52","True"
"UTILITY-1","Microsoft ASP.NET Core 6.0.36 Shared Framework (x86)","6.0.36.24516","Microsoft Corporation","2/22/2025 12:00:00 AM","MsiExec.exe /X{5FEC97CA-FD93-392D-BF36-D9C3492A5698}","","20880","Machine","x86","Registry","Microsoft.PowerShell.Core\Registry::HKEY_LOCAL_MACHINE\Software\Wow6432Node\Microsoft\Windows\CurrentVersion\Uninstall\{5FEC97CA-FD93-392D-BF36-D9C3492A5698}","utility-1.vadtek.com","ee2c2a88-4094-47d1-8c0f-d127cb668d52","True"
"UTILITY-1","Microsoft ASP.NET Core 8.0.22 - Shared Framework (x64)","8.0.22.25528","Microsoft Corporation",,"""C:\ProgramData\Package Cache\{21069b18-3e50-4d7f-9f3b-8ea81f1abb5b}\AspNetCoreSharedFrameworkBundle-x64.exe""  /uninstall",,"37948","Machine","x86","Registry","Microsoft.PowerShell.Core\Registry::HKEY_LOCAL_MACHINE\Software\Wow6432Node\Microsoft\Windows\CurrentVersion\Uninstall\{21069b18-3e50-4d7f-9f3b-8ea81f1abb5b}","utility-1.vadtek.com","ee2c2a88-4094-47d1-8c0f-d127cb668d52","True"
"UTILITY-1","Microsoft ASP.NET Core 8.0.22 - Shared Framework (x86)","8.0.22.25528","Microsoft Corporation",,"""C:\ProgramData\Package Cache\{251a18cb-cb97-48e3-ac2c-f57e06f8ed25}\AspNetCoreSharedFrameworkBundle-x86.exe""  /uninstall",,"34873","Machine","x86","Registry","Microsoft.PowerShell.Core\Registry::HKEY_LOCAL_MACHINE\Software\Wow6432Node\Microsoft\Windows\CurrentVersion\Uninstall\{251a18cb-cb97-48e3-ac2c-f57e06f8ed25}","utility-1.vadtek.com","ee2c2a88-4094-47d1-8c0f-d127cb668d52","True"
"UTILITY-1","Microsoft ASP.NET Core 8.0.22 Shared Framework (x64)","8.0.22.25528","Microsoft Corporation","11/22/2025 12:00:00 AM","MsiExec.exe /X{4675A82C-4BC0-3E41-99B1-25CFCEE2114D}","","28040","Machine","x64","Registry","Microsoft.PowerShell.Core\Registry::HKEY_LOCAL_MACHINE\Software\Microsoft\Windows\CurrentVersion\Uninstall\{4675A82C-4BC0-3E41-99B1-25CFCEE2114D}","utility-1.vadtek.com","ee2c2a88-4094-47d1-8c0f-d127cb668d52","True"
"UTILITY-1","Microsoft ASP.NET Core 8.0.22 Shared Framework (x86)","8.0.22.25528","Microsoft Corporation","11/22/2025 12:00:00 AM","MsiExec.exe /X{1DFBD7A0-CB7B-392F-B3B0-76B85C9B01EB}","","25828","Machine","x86","Registry","Microsoft.PowerShell.Core\Registry::HKEY_LOCAL_MACHINE\Software\Wow6432Node\Microsoft\Windows\CurrentVersion\Uninstall\{1DFBD7A0-CB7B-392F-B3B0-76B85C9B01EB}","utility-1.vadtek.com","ee2c2a88-4094-47d1-8c0f-d127cb668d52","True"
"UTILITY-1","Microsoft Deployment Toolkit (6.3.8456.1000)","6.3.8456.1000","Microsoft Corporation","10/15/2024 12:00:00 AM","MsiExec.exe /I{2E6CD7B9-9D00-4B04-882F-E6971BC9A763}","","78679","Machine","x64","Registry","Microsoft.PowerShell.Core\Registry::HKEY_LOCAL_MACHINE\Software\Microsoft\Windows\CurrentVersion\Uninstall\{2E6CD7B9-9D00-4B04-882F-E6971BC9A763}","utility-1.vadtek.com","ee2c2a88-4094-47d1-8c0f-d127cb668d52","True"
"UTILITY-1","Microsoft Edge","143.0.3650.96","Microsoft Corporation","12/27/2025 12:00:00 AM","MsiExec.exe /X{494F2360-791E-3607-8235-0CFE59589648}","","188681","Machine","x86","Registry","Microsoft.PowerShell.Core\Registry::HKEY_LOCAL_MACHINE\Software\Wow6432Node\Microsoft\Windows\CurrentVersion\Uninstall\{494F2360-791E-3607-8235-0CFE59589648}","utility-1.vadtek.com","ee2c2a88-4094-47d1-8c0f-d127cb668d52","True"
"UTILITY-1","Microsoft Edge WebView2 Runtime","143.0.3650.96","Microsoft Corporation","12/20/2025 12:00:00 AM","""C:\Program Files (x86)\Microsoft\EdgeWebView\Application\143.0.3650.96\Installer\setup.exe"" --uninstall --msedgewebview --system-level --verbose-logging","C:\Program Files (x86)\Microsoft\EdgeWebView\Application",,"Machine","x86","Registry","Microsoft.PowerShell.Core\Registry::HKEY_LOCAL_MACHINE\Software\Wow6432Node\Microsoft\Windows\CurrentVersion\Uninstall\Microsoft EdgeWebView","utility-1.vadtek.com","ee2c2a88-4094-47d1-8c0f-d127cb668d52","True"
"UTILITY-1","Microsoft OneDrive","25.224.1116.0003","Microsoft Corporation",,"""C:\Program Files\Microsoft OneDrive\25.224.1116.0003\OneDriveSetup.exe""  /uninstall  /allusers ",,"467665","Machine","x64","Registry","Microsoft.PowerShell.Core\Registry::HKEY_LOCAL_MACHINE\Software\Microsoft\Windows\CurrentVersion\Uninstall\OneDriveSetup.exe","utility-1.vadtek.com","ee2c2a88-4094-47d1-8c0f-d127cb668d52","True"
"UTILITY-1","Microsoft Visual C++ 2015-2022 Redistributable (x64) - 14.44.35211","14.44.35211.0","Microsoft Corporation",,"""C:\ProgramData\Package Cache\{d8bbe9f9-7c5b-42c6-b715-9ee898a2e515}\VC_redist.x64.exe""  /uninstall",,"21235","Machine","x86","Registry","Microsoft.PowerShell.Core\Registry::HKEY_LOCAL_MACHINE\Software\Wow6432Node\Microsoft\Windows\CurrentVersion\Uninstall\{d8bbe9f9-7c5b-42c6-b715-9ee898a2e515}","utility-1.vadtek.com","ee2c2a88-4094-47d1-8c0f-d127cb668d52","True"
"UTILITY-1","Microsoft Visual C++ 2015-2022 Redistributable (x86) - 14.44.35211","14.44.35211.0","Microsoft Corporation",,"""C:\ProgramData\Package Cache\{0b5169e3-39da-4313-808e-1f9c0407f3bf}\VC_redist.x86.exe""  /uninstall",,"18673","Machine","x86","Registry","Microsoft.PowerShell.Core\Registry::HKEY_LOCAL_MACHINE\Software\Wow6432Node\Microsoft\Windows\CurrentVersion\Uninstall\{0b5169e3-39da-4313-808e-1f9c0407f3bf}","utility-1.vadtek.com","ee2c2a88-4094-47d1-8c0f-d127cb668d52","True"
"UTILITY-1","Microsoft Visual C++ 2022 X64 Additional Runtime - 14.44.35211","14.44.35211","Microsoft Corporation","7/12/2025 12:00:00 AM","MsiExec.exe /I{86AB2CC9-08BD-4643-B0F9-F82D006D72FF}","","11892","Machine","x64","Registry","Microsoft.PowerShell.Core\Registry::HKEY_LOCAL_MACHINE\Software\Microsoft\Windows\CurrentVersion\Uninstall\{86AB2CC9-08BD-4643-B0F9-F82D006D72FF}","utility-1.vadtek.com","ee2c2a88-4094-47d1-8c0f-d127cb668d52","True"
"UTILITY-1","Microsoft Visual C++ 2022 X64 Minimum Runtime - 14.44.35211","14.44.35211","Microsoft Corporation","7/12/2025 12:00:00 AM","MsiExec.exe /I{43B0D101-A022-48F4-9D04-BA404CEB1D53}","","2404","Machine","x64","Registry","Microsoft.PowerShell.Core\Registry::HKEY_LOCAL_MACHINE\Software\Microsoft\Windows\CurrentVersion\Uninstall\{43B0D101-A022-48F4-9D04-BA404CEB1D53}","utility-1.vadtek.com","ee2c2a88-4094-47d1-8c0f-d127cb668d52","True"
"UTILITY-1","Microsoft Visual C++ 2022 X86 Additional Runtime - 14.44.35211","14.44.35211","Microsoft Corporation","7/12/2025 12:00:00 AM","MsiExec.exe /I{C18FB403-1E88-43C8-AD8A-CED50F23DE8B}","","10352","Machine","x86","Registry","Microsoft.PowerShell.Core\Registry::HKEY_LOCAL_MACHINE\Software\Wow6432Node\Microsoft\Windows\CurrentVersion\Uninstall\{C18FB403-1E88-43C8-AD8A-CED50F23DE8B}","utility-1.vadtek.com","ee2c2a88-4094-47d1-8c0f-d127cb668d52","True"
"UTILITY-1","Microsoft Visual C++ 2022 X86 Minimum Runtime - 14.44.35211","14.44.35211","Microsoft Corporation","7/12/2025 12:00:00 AM","MsiExec.exe /I{922480B5-CAEB-4B1B-AAA4-9716EFDCE26B}","","2024","Machine","x86","Registry","Microsoft.PowerShell.Core\Registry::HKEY_LOCAL_MACHINE\Software\Wow6432Node\Microsoft\Windows\CurrentVersion\Uninstall\{922480B5-CAEB-4B1B-AAA4-9716EFDCE26B}","utility-1.vadtek.com","ee2c2a88-4094-47d1-8c0f-d127cb668d52","True"
"UTILITY-1","OA3Tool","10.1.26100.1","Microsoft","10/15/2024 12:00:00 AM","MsiExec.exe /I{8EF6F3A9-5741-1D02-3FD7-8E34CF667DF0}","","1264","Machine","x86","Registry","Microsoft.PowerShell.Core\Registry::HKEY_LOCAL_MACHINE\Software\Wow6432Node\Microsoft\Windows\CurrentVersion\Uninstall\{8EF6F3A9-5741-1D02-3FD7-8E34CF667DF0}","utility-1.vadtek.com","ee2c2a88-4094-47d1-8c0f-d127cb668d52","True"
"UTILITY-1","OACheck","10.1.26100.1","Microsoft","10/15/2024 12:00:00 AM","MsiExec.exe /I{8894D8FF-9C3D-626D-90F8-209B05006BA7}","","1664","Machine","x86","Registry","Microsoft.PowerShell.Core\Registry::HKEY_LOCAL_MACHINE\Software\Wow6432Node\Microsoft\Windows\CurrentVersion\Uninstall\{8894D8FF-9C3D-626D-90F8-209B05006BA7}","utility-1.vadtek.com","ee2c2a88-4094-47d1-8c0f-d127cb668d52","True"
"UTILITY-1","OATool","10.1.26100.1","Microsoft","10/15/2024 12:00:00 AM","MsiExec.exe /I{CA9642D4-AFAD-507D-8574-099782F2CAFA}","","192","Machine","x86","Registry","Microsoft.PowerShell.Core\Registry::HKEY_LOCAL_MACHINE\Software\Wow6432Node\Microsoft\Windows\CurrentVersion\Uninstall\{CA9642D4-AFAD-507D-8574-099782F2CAFA}","utility-1.vadtek.com","ee2c2a88-4094-47d1-8c0f-d127cb668d52","True"
"UTILITY-1","OEM Test Certificates (OnecoreUAP)","10.1.26100.1","Microsoft","10/15/2024 12:00:00 AM","MsiExec.exe /I{C66E13EE-F403-18BF-8497-4A4B91BED4F5}","","168","Machine","x86","Registry","Microsoft.PowerShell.Core\Registry::HKEY_LOCAL_MACHINE\Software\Wow6432Node\Microsoft\Windows\CurrentVersion\Uninstall\{C66E13EE-F403-18BF-8497-4A4B91BED4F5}","utility-1.vadtek.com","ee2c2a88-4094-47d1-8c0f-d127cb668d52","True"
"UTILITY-1","Oscdimg (DesktopEditions)","10.1.26100.1","Microsoft","10/15/2024 12:00:00 AM","MsiExec.exe /I{B80EA8B8-0179-5F03-2B01-F9C525FE3E87}","","424","Machine","x86","Registry","Microsoft.PowerShell.Core\Registry::HKEY_LOCAL_MACHINE\Software\Wow6432Node\Microsoft\Windows\CurrentVersion\Uninstall\{B80EA8B8-0179-5F03-2B01-F9C525FE3E87}","utility-1.vadtek.com","ee2c2a88-4094-47d1-8c0f-d127cb668d52","True"
"UTILITY-1","Oscdimg (OnecoreUAP)","10.1.26100.1","Microsoft","10/15/2024 12:00:00 AM","MsiExec.exe /I{7DD610E9-09B1-F17B-0194-82BA52087903}","","9144","Machine","x86","Registry","Microsoft.PowerShell.Core\Registry::HKEY_LOCAL_MACHINE\Software\Wow6432Node\Microsoft\Windows\CurrentVersion\Uninstall\{7DD610E9-09B1-F17B-0194-82BA52087903}","utility-1.vadtek.com","ee2c2a88-4094-47d1-8c0f-d127cb668d52","True"
"UTILITY-1","PDQ Deploy","19.6.21.0","PDQ.com","12/11/2025 12:00:00 AM","MsiExec.exe /X{13E3E15C-2327-4566-BAD8-03AC0E62CB73}","C:\Program Files (x86)\Admin Arsenal\PDQ Deploy\","293375","Machine","x86","Registry","Microsoft.PowerShell.Core\Registry::HKEY_LOCAL_MACHINE\Software\Wow6432Node\Microsoft\Windows\CurrentVersion\Uninstall\{13E3E15C-2327-4566-BAD8-03AC0E62CB73}","utility-1.vadtek.com","ee2c2a88-4094-47d1-8c0f-d127cb668d52","True"
"UTILITY-1","PDQ Inventory","19.6.21.0","PDQ.com","12/11/2025 12:00:00 AM","MsiExec.exe /X{3BFC327C-258D-40F5-9E62-4B9619BB5E75}","C:\Program Files (x86)\Admin Arsenal\PDQ Inventory\","297901","Machine","x86","Registry","Microsoft.PowerShell.Core\Registry::HKEY_LOCAL_MACHINE\Software\Wow6432Node\Microsoft\Windows\CurrentVersion\Uninstall\{3BFC327C-258D-40F5-9E62-4B9619BB5E75}","utility-1.vadtek.com","ee2c2a88-4094-47d1-8c0f-d127cb668d52","True"
"UTILITY-1","PDQConnectAgent","5.10.20","PDQ.com","12/1/2025 12:00:00 AM","MsiExec.exe /X{F03416B2-8C97-4CC4-8578-5F6A58441B84}","","10588","Machine","x64","Registry","Microsoft.PowerShell.Core\Registry::HKEY_LOCAL_MACHINE\Software\Microsoft\Windows\CurrentVersion\Uninstall\{F03416B2-8C97-4CC4-8578-5F6A58441B84}","utility-1.vadtek.com","ee2c2a88-4094-47d1-8c0f-d127cb668d52","True"
"UTILITY-1","PDQConnectUpdater","5.10.16","PDQ.com","11/19/2025 12:00:00 AM","MsiExec.exe /I{0EC05CD8-8D17-472C-86DA-AF1EA3C7256F}","","3724","Machine","x64","Registry","Microsoft.PowerShell.Core\Registry::HKEY_LOCAL_MACHINE\Software\Microsoft\Windows\CurrentVersion\Uninstall\{0EC05CD8-8D17-472C-86DA-AF1EA3C7256F}","utility-1.vadtek.com","ee2c2a88-4094-47d1-8c0f-d127cb668d52","True"
"UTILITY-1","PowerShell 7-x64","7.5.3.0","Microsoft Corporation","9/10/2025 12:00:00 AM","MsiExec.exe /X{B4D3359E-1191-4BBD-ABDB-0E4A39534981}","","286722","Machine","x64","Registry","Microsoft.PowerShell.Core\Registry::HKEY_LOCAL_MACHINE\Software\Microsoft\Windows\CurrentVersion\Uninstall\{B4D3359E-1191-4BBD-ABDB-0E4A39534981}","utility-1.vadtek.com","ee2c2a88-4094-47d1-8c0f-d127cb668d52","True"
"UTILITY-1","ScreenConnect Client (87785098295ef45f)","25.9.5.9473","ScreenConnect Software","1/3/2026 12:00:00 AM","MsiExec.exe /X{D2DE5BAB-4409-2CC1-0E35-785C8DE39838}","","4800","Machine","x86","Registry","Microsoft.PowerShell.Core\Registry::HKEY_LOCAL_MACHINE\Software\Wow6432Node\Microsoft\Windows\CurrentVersion\Uninstall\{D2DE5BAB-4409-2CC1-0E35-785C8DE39838}","utility-1.vadtek.com","ee2c2a88-4094-47d1-8c0f-d127cb668d52","True"
"UTILITY-1","Sentinel Agent","25.1.434","SentinelOne, Inc.","12/16/2025 12:00:00 AM","MsiExec.exe /X{6F48BB58-3210-4293-829E-1715AC58962F}","","228090","Machine","x64","Registry","Microsoft.PowerShell.Core\Registry::HKEY_LOCAL_MACHINE\Software\Microsoft\Windows\CurrentVersion\Uninstall\{6F48BB58-3210-4293-829E-1715AC58962F}","utility-1.vadtek.com","ee2c2a88-4094-47d1-8c0f-d127cb668d52","True"
"UTILITY-1","Supply Chain Trust Tools ADK","10.1.26100.1","Microsoft","10/15/2024 12:00:00 AM","MsiExec.exe /I{6E2BE8A8-14CD-4398-C3C7-BEC43B695456}","","143784","Machine","x86","Registry","Microsoft.PowerShell.Core\Registry::HKEY_LOCAL_MACHINE\Software\Wow6432Node\Microsoft\Windows\CurrentVersion\Uninstall\{6E2BE8A8-14CD-4398-C3C7-BEC43B695456}","utility-1.vadtek.com","ee2c2a88-4094-47d1-8c0f-d127cb668d52","True"
"UTILITY-1","Toolkit Documentation","10.1.26100.1","Microsoft","10/15/2024 12:00:00 AM","MsiExec.exe /I{AF3A2D9E-9494-A1E5-1185-4FF3FB4688A8}","","7396","Machine","x86","Registry","Microsoft.PowerShell.Core\Registry::HKEY_LOCAL_MACHINE\Software\Wow6432Node\Microsoft\Windows\CurrentVersion\Uninstall\{AF3A2D9E-9494-A1E5-1185-4FF3FB4688A8}","utility-1.vadtek.com","ee2c2a88-4094-47d1-8c0f-d127cb668d52","True"
"UTILITY-1","UEV Tools on amd64","10.1.26100.1","Microsoft","10/15/2024 12:00:00 AM","MsiExec.exe /I{C4BF81C6-CB20-6B8D-DC53-32A83F1650E9}","","7960","Machine","x64","Registry","Microsoft.PowerShell.Core\Registry::HKEY_LOCAL_MACHINE\Software\Microsoft\Windows\CurrentVersion\Uninstall\{C4BF81C6-CB20-6B8D-DC53-32A83F1650E9}","utility-1.vadtek.com","ee2c2a88-4094-47d1-8c0f-d127cb668d52","True"
"UTILITY-1","User State Migration Tool (ClientCore)","10.1.26100.1","Microsoft","10/15/2024 12:00:00 AM","MsiExec.exe /I{31F3BC0E-3F3F-BE6D-8228-67EC55F8DD10}","","52","Machine","x86","Registry","Microsoft.PowerShell.Core\Registry::HKEY_LOCAL_MACHINE\Software\Wow6432Node\Microsoft\Windows\CurrentVersion\Uninstall\{31F3BC0E-3F3F-BE6D-8228-67EC55F8DD10}","utility-1.vadtek.com","ee2c2a88-4094-47d1-8c0f-d127cb668d52","True"
"UTILITY-1","User State Migration Tool (DesktopEditions)","10.1.26100.1","Microsoft","10/15/2024 12:00:00 AM","MsiExec.exe /I{51F3D6FA-5C4A-E8E5-B811-5F9F21AA04DB}","","114544","Machine","x86","Registry","Microsoft.PowerShell.Core\Registry::HKEY_LOCAL_MACHINE\Software\Wow6432Node\Microsoft\Windows\CurrentVersion\Uninstall\{51F3D6FA-5C4A-E8E5-B811-5F9F21AA04DB}","utility-1.vadtek.com","ee2c2a88-4094-47d1-8c0f-d127cb668d52","True"
"UTILITY-1","User State Migration Tool (OnecoreUAP)","10.1.26100.1","Microsoft","10/15/2024 12:00:00 AM","MsiExec.exe /I{24A76BDB-7431-E81C-86AD-A83B841E52B8}","","5536","Machine","x86","Registry","Microsoft.PowerShell.Core\Registry::HKEY_LOCAL_MACHINE\Software\Wow6432Node\Microsoft\Windows\CurrentVersion\Uninstall\{24A76BDB-7431-E81C-86AD-A83B841E52B8}","utility-1.vadtek.com","ee2c2a88-4094-47d1-8c0f-d127cb668d52","True"
"UTILITY-1","VMware Tools","13.0.5.0","Broadcom Inc.","10/4/2025 12:00:00 AM","MsiExec.exe /I{63972005-EC67-46D3-A492-72FDD822450E}","C:\Program Files\VMware\VMware Tools\","136170","Machine","x64","Registry","Microsoft.PowerShell.Core\Registry::HKEY_LOCAL_MACHINE\Software\Microsoft\Windows\CurrentVersion\Uninstall\{63972005-EC67-46D3-A492-72FDD822450E}","utility-1.vadtek.com","ee2c2a88-4094-47d1-8c0f-d127cb668d52","True"
"UTILITY-1","Windows Assessment and Deployment Kit","10.1.26100.1","Microsoft Corporation",,"""C:\ProgramData\Package Cache\{665ec413-9c69-4696-b6d8-55d44bf46ac3}\adksetup.exe""  /uninstall",,"1910075","Machine","x86","Registry","Microsoft.PowerShell.Core\Registry::HKEY_LOCAL_MACHINE\Software\Wow6432Node\Microsoft\Windows\CurrentVersion\Uninstall\{665ec413-9c69-4696-b6d8-55d44bf46ac3}","utility-1.vadtek.com","ee2c2a88-4094-47d1-8c0f-d127cb668d52","True"
"UTILITY-1","Windows Assessment and Deployment Kit Windows Preinstallation Environment Add-ons","10.1.26100.1","Microsoft Corporation",,"""C:\ProgramData\Package Cache\{6775d5ee-c051-497c-aba6-344bbc5c896a}\adkwinpesetup.exe""  /uninstall",,"3943803","Machine","x86","Registry","Microsoft.PowerShell.Core\Registry::HKEY_LOCAL_MACHINE\Software\Wow6432Node\Microsoft\Windows\CurrentVersion\Uninstall\{6775d5ee-c051-497c-aba6-344bbc5c896a}","utility-1.vadtek.com","ee2c2a88-4094-47d1-8c0f-d127cb668d52","True"
"UTILITY-1","Windows Deployment Customizations","10.1.26100.1","Microsoft","10/15/2024 12:00:00 AM","MsiExec.exe /I{94ED6B3F-F5B3-D6F7-1F30-4529C24D4B68}","","124","Machine","x86","Registry","Microsoft.PowerShell.Core\Registry::HKEY_LOCAL_MACHINE\Software\Wow6432Node\Microsoft\Windows\CurrentVersion\Uninstall\{94ED6B3F-F5B3-D6F7-1F30-4529C24D4B68}","utility-1.vadtek.com","ee2c2a88-4094-47d1-8c0f-d127cb668d52","True"
"UTILITY-1","Windows Deployment Image Servicing and Management - Headers and Libraries","10.1.26100.1","Microsoft","10/15/2024 12:00:00 AM","MsiExec.exe /I{FBE4920D-7085-7350-53C6-0584E0BF378D}","","368","Machine","x86","Registry","Microsoft.PowerShell.Core\Registry::HKEY_LOCAL_MACHINE\Software\Wow6432Node\Microsoft\Windows\CurrentVersion\Uninstall\{FBE4920D-7085-7350-53C6-0584E0BF378D}","utility-1.vadtek.com","ee2c2a88-4094-47d1-8c0f-d127cb668d52","True"
"UTILITY-1","Windows Deployment Image Servicing and Management Tools (DesktopEditions)","10.1.26100.1","Microsoft","10/15/2024 12:00:00 AM","MsiExec.exe /I{2B8692B7-FCD7-0B26-9DBC-422E2C74ABD3}","","688","Machine","x86","Registry","Microsoft.PowerShell.Core\Registry::HKEY_LOCAL_MACHINE\Software\Wow6432Node\Microsoft\Windows\CurrentVersion\Uninstall\{2B8692B7-FCD7-0B26-9DBC-422E2C74ABD3}","utility-1.vadtek.com","ee2c2a88-4094-47d1-8c0f-d127cb668d52","True"
"UTILITY-1","Windows Deployment Image Servicing and Management Tools (OnecoreUAP)","10.1.26100.1","Microsoft","10/15/2024 12:00:00 AM","MsiExec.exe /I{9E6A5F74-2F69-3CC6-57C4-4F2FB4793467}","","35752","Machine","x86","Registry","Microsoft.PowerShell.Core\Registry::HKEY_LOCAL_MACHINE\Software\Wow6432Node\Microsoft\Windows\CurrentVersion\Uninstall\{9E6A5F74-2F69-3CC6-57C4-4F2FB4793467}","utility-1.vadtek.com","ee2c2a88-4094-47d1-8c0f-d127cb668d52","True"
"UTILITY-1","Windows Deployment Tools","10.1.26100.1","Microsoft","10/15/2024 12:00:00 AM","MsiExec.exe /I{B30B4A08-0946-44E6-C5AC-6C2563D08195}","","2156","Machine","x86","Registry","Microsoft.PowerShell.Core\Registry::HKEY_LOCAL_MACHINE\Software\Wow6432Node\Microsoft\Windows\CurrentVersion\Uninstall\{B30B4A08-0946-44E6-C5AC-6C2563D08195}","utility-1.vadtek.com","ee2c2a88-4094-47d1-8c0f-d127cb668d52","True"
"UTILITY-1","Windows Deployment Tools Environment","10.1.26100.1","Microsoft","10/15/2024 12:00:00 AM","MsiExec.exe /I{0B16C789-61C9-17F5-68F2-E5019B5237A2}","","4","Machine","x86","Registry","Microsoft.PowerShell.Core\Registry::HKEY_LOCAL_MACHINE\Software\Wow6432Node\Microsoft\Windows\CurrentVersion\Uninstall\{0B16C789-61C9-17F5-68F2-E5019B5237A2}","utility-1.vadtek.com","ee2c2a88-4094-47d1-8c0f-d127cb668d52","True"
"UTILITY-1","Windows PE Boot Files (DesktopEditions)","10.1.26100.1","Microsoft","10/15/2024 12:00:00 AM","MsiExec.exe /I{10359BF6-B3FD-C0ED-69CE-2A40A7667A0F}","","18840","Machine","x86","Registry","Microsoft.PowerShell.Core\Registry::HKEY_LOCAL_MACHINE\Software\Wow6432Node\Microsoft\Windows\CurrentVersion\Uninstall\{10359BF6-B3FD-C0ED-69CE-2A40A7667A0F}","utility-1.vadtek.com","ee2c2a88-4094-47d1-8c0f-d127cb668d52","True"
"UTILITY-1","Windows PE Boot Files (OnecoreUAP)","10.1.26100.1","Microsoft","10/15/2024 12:00:00 AM","MsiExec.exe /I{9822D741-A546-4AAE-9F74-15C725BAE8FE}","","60100","Machine","x86","Registry","Microsoft.PowerShell.Core\Registry::HKEY_LOCAL_MACHINE\Software\Wow6432Node\Microsoft\Windows\CurrentVersion\Uninstall\{9822D741-A546-4AAE-9F74-15C725BAE8FE}","utility-1.vadtek.com","ee2c2a88-4094-47d1-8c0f-d127cb668d52","True"
"UTILITY-1","Windows PE Optional Packages (DesktopEditions)","10.1.26100.1","Microsoft","10/15/2024 12:00:00 AM","MsiExec.exe /I{E9E8CCD6-DEFE-EC84-6163-67BD7BDE427D}","","1285164","Machine","x86","Registry","Microsoft.PowerShell.Core\Registry::HKEY_LOCAL_MACHINE\Software\Wow6432Node\Microsoft\Windows\CurrentVersion\Uninstall\{E9E8CCD6-DEFE-EC84-6163-67BD7BDE427D}","utility-1.vadtek.com","ee2c2a88-4094-47d1-8c0f-d127cb668d52","True"
"UTILITY-1","Windows PE Scripts","10.1.26100.1","Microsoft","10/15/2024 12:00:00 AM","MsiExec.exe /I{479FD1EE-8C23-9570-44BD-3133C54E110A}","","12","Machine","x86","Registry","Microsoft.PowerShell.Core\Registry::HKEY_LOCAL_MACHINE\Software\Wow6432Node\Microsoft\Windows\CurrentVersion\Uninstall\{479FD1EE-8C23-9570-44BD-3133C54E110A}","utility-1.vadtek.com","ee2c2a88-4094-47d1-8c0f-d127cb668d52","True"
"UTILITY-1","Windows PE wims (DesktopEditions)","10.1.26100.1","Microsoft","10/15/2024 12:00:00 AM","MsiExec.exe /I{C6CB0DF0-B1BD-3CF0-4056-3D63832B3AD6}","","652324","Machine","x86","Registry","Microsoft.PowerShell.Core\Registry::HKEY_LOCAL_MACHINE\Software\Wow6432Node\Microsoft\Windows\CurrentVersion\Uninstall\{C6CB0DF0-B1BD-3CF0-4056-3D63832B3AD6}","utility-1.vadtek.com","ee2c2a88-4094-47d1-8c0f-d127cb668d52","True"
"UTILITY-1","Windows Setup Files (ClientCore)","10.1.26100.1","Microsoft","10/15/2024 12:00:00 AM","MsiExec.exe /I{67AAC98C-C648-A437-B426-75D69958BAFC}","","2516","Machine","x86","Registry","Microsoft.PowerShell.Core\Registry::HKEY_LOCAL_MACHINE\Software\Wow6432Node\Microsoft\Windows\CurrentVersion\Uninstall\{67AAC98C-C648-A437-B426-75D69958BAFC}","utility-1.vadtek.com","ee2c2a88-4094-47d1-8c0f-d127cb668d52","True"
"UTILITY-1","Windows Setup Files (DesktopEditions)","10.1.26100.1","Microsoft","10/15/2024 12:00:00 AM","MsiExec.exe /I{FCE46EDC-4064-A011-6D43-CDD994BCBD6B}","","190204","Machine","x86","Registry","Microsoft.PowerShell.Core\Registry::HKEY_LOCAL_MACHINE\Software\Wow6432Node\Microsoft\Windows\CurrentVersion\Uninstall\{FCE46EDC-4064-A011-6D43-CDD994BCBD6B}","utility-1.vadtek.com","ee2c2a88-4094-47d1-8c0f-d127cb668d52","True"
"UTILITY-1","Windows Setup Files (Holographic)","10.1.26100.1","Microsoft","10/15/2024 12:00:00 AM","MsiExec.exe /I{9F86BF00-5EBE-304F-4286-98E8A1253FFE}","","40","Machine","x86","Registry","Microsoft.PowerShell.Core\Registry::HKEY_LOCAL_MACHINE\Software\Wow6432Node\Microsoft\Windows\CurrentVersion\Uninstall\{9F86BF00-5EBE-304F-4286-98E8A1253FFE}","utility-1.vadtek.com","ee2c2a88-4094-47d1-8c0f-d127cb668d52","True"
"UTILITY-1","Windows Setup Files (OnecoreUAP)","10.1.26100.1","Microsoft","10/15/2024 12:00:00 AM","MsiExec.exe /I{2F8E0B00-34FD-C96F-448E-D2CCEEC07427}","","106708","Machine","x86","Registry","Microsoft.PowerShell.Core\Registry::HKEY_LOCAL_MACHINE\Software\Wow6432Node\Microsoft\Windows\CurrentVersion\Uninstall\{2F8E0B00-34FD-C96F-448E-D2CCEEC07427}","utility-1.vadtek.com","ee2c2a88-4094-47d1-8c0f-d127cb668d52","True"
"UTILITY-1","Windows Setup Files (ShellCommon)","10.1.26100.1","Microsoft","10/15/2024 12:00:00 AM","MsiExec.exe /I{8BA09ACB-D6D8-F213-5343-7C96AC2E6504}","","52","Machine","x86","Registry","Microsoft.PowerShell.Core\Registry::HKEY_LOCAL_MACHINE\Software\Wow6432Node\Microsoft\Windows\CurrentVersion\Uninstall\{8BA09ACB-D6D8-F213-5343-7C96AC2E6504}","utility-1.vadtek.com","ee2c2a88-4094-47d1-8c0f-d127cb668d52","True"
"UTILITY-1","Windows System Image Manager","10.1.26100.1","Microsoft","10/15/2024 12:00:00 AM","MsiExec.exe /I{A50FDA66-9FBB-A423-19B2-FAA8E915CCF9}","","20480","Machine","x86","Registry","Microsoft.PowerShell.Core\Registry::HKEY_LOCAL_MACHINE\Software\Wow6432Node\Microsoft\Windows\CurrentVersion\Uninstall\{A50FDA66-9FBB-A423-19B2-FAA8E915CCF9}","utility-1.vadtek.com","ee2c2a88-4094-47d1-8c0f-d127cb668d52","True"
"UTILITY-1","WPT Redistributables","10.1.26100.1","Microsoft","10/15/2024 12:00:00 AM","MsiExec.exe /I{652D815A-BCA2-1B78-7C64-F010E07B62CD}","","241360","Machine","x86","Registry","Microsoft.PowerShell.Core\Registry::HKEY_LOCAL_MACHINE\Software\Wow6432Node\Microsoft\Windows\CurrentVersion\Uninstall\{652D815A-BCA2-1B78-7C64-F010E07B62CD}","utility-1.vadtek.com","ee2c2a88-4094-47d1-8c0f-d127cb668d52","True"
"UTILITY-1","WPTx64 (DesktopEditions)","10.1.26100.1","Microsoft","10/15/2024 12:00:00 AM","MsiExec.exe /I{20A8BEA1-9E9A-ADA8-0E77-0D0D7EC6BF99}","","207484","Machine","x86","Registry","Microsoft.PowerShell.Core\Registry::HKEY_LOCAL_MACHINE\Software\Wow6432Node\Microsoft\Windows\CurrentVersion\Uninstall\{20A8BEA1-9E9A-ADA8-0E77-0D0D7EC6BF99}","utility-1.vadtek.com","ee2c2a88-4094-47d1-8c0f-d127cb668d52","True"
"UTILITY-1","WPTx64 (OnecoreUAP)","10.1.26100.1","Microsoft","10/15/2024 12:00:00 AM","MsiExec.exe /I{951F7162-2677-6379-BC00-7433D0C413C4}","","6628","Machine","x86","Registry","Microsoft.PowerShell.Core\Registry::HKEY_LOCAL_MACHINE\Software\Wow6432Node\Microsoft\Windows\CurrentVersion\Uninstall\{951F7162-2677-6379-BC00-7433D0C413C4}","utility-1.vadtek.com","ee2c2a88-4094-47d1-8c0f-d127cb668d52","True"
